Project Title;IMDb ID;IMDb ID 2;IMDb ID 3;IMDb ID 4;IMDb ID 5
Almhof - toetje.;
Amstel - Russia Power of Time.;
Amstel 0.0% - Amstel geeft een rondje.;
Amstel Radler 2.0 - Highwayman.;
ANWB - Twijfelgevallen.;
Appelsientje.;
Bavaria - Hollandress.;
Bolletje - Presentatie.;
Bolletje Zadencracker.;
Bonduelle - machts besser.;
Centraal Beheer - Container.;
Coca Cola - the last Jedi.;
Cup-a-Soup - Souperieur.;
Danerolles - Pizza.;
De Jeugd Van Tegenwoordig - Let The Tits Out.;
Defensie - Groei.;
Defensie - Techniek.;
Duyvis - Fuifmelder.;
Einride.;
Fit for Free - Prijskaart.;
Foodora.;
Gall & Gall - 3D.;
HP-Smooth.;
Hyundai.;
Ikea - Dag Rommel.;
Ikea - Deal with the dark.;
Ikea - Eindelijk de ruimte.;
Ikea - Hoi Visite.;
Kies de Fiets.;
KLM - 100 years.;
KLM - Baby.;
Koning Toto 5.1.;
LG - Minibeamer.;
McDonald's - Big tasty.;
McDonald's - X-Masters.;
Mercedes Benz - Trucks.;
Nationale Kinderherdenking 2022.;
Nationale Nederlanden - Running Blind.;
Old Amsterdam - Lunch.;
Promovendum - verzekering.;
Sultana - Mr Happy.;
Tele2 - Dit Wil Ik Weken.;
UPC - NFF publieksprijs.;
vandeBron.nl - Energie maatschappij.;
Veronica - Superguide.;
Werkspot.;
Zilveren kruis- Zit check.;
Catastrophe;tt4374208;tt5955622;tt5562652;tt22207828;tt0243166
Red Fried District;tt13879782;tt34133540;tt34133555;tt34133561;tt34133553
The Little Vampire 3D;tt4729560;tt0192255;tt0179585;tt0092541;tt0097757
Battles;tt0407362;tt1440129;tt0070246;tt0076984;tt2301566
Erbarme Dich;tt4362388;tt12369128;tt2948088;tt26067432;tt2322517
Even Vergeten;tt0051994;tt0045672;tt0113677;tt0042804;tt0024418
Inside the Mind of a Con Artist;tt15439406;tt35551483;tt32907397;tt21340412;tt2044729
Rules of War;tt13156582;tt0478388;tt2896764;tt31014887;tt32494475
Vader;tt9475088;tt26933867;tt28861955;tt5939328;tt11570318
‘t Schaep Ahoy;tt0828594
All you need is Love;tt2259122;tt8161226;tt1821524;tt0247846;tt3345610
Amsterdam Vice;tt8747308;tt10082944;tt2578018;tt7817340;tt35050247
Another Round (original title: Druk);tt34601698;tt23131090;tt24797300
Baantjer – het begin;tt8747308;tt10082944
Ballast  (OneNightStand);tt0118750;tt35677204;tt1046146;tt0881852;tt1242412
Bannebroek’s Got Talent (Telefilm);tt3556648
Bears love me;tt8690510;tt2573464;tt33899605;tt27999493;tt37082167
Beenlampman;tt10367584;tt30890036;tt32483147
Bella Donna’s;tt6315790;tt25691700;tt28243363;tt0071203;tt0059116
Bloodgroup;tt10538712;tt34896065;tt0082361;tt1819750;tt2251229
Bluf;tt4025456;tt1753524;tt0062824;tt10312776;tt0076101
Bo;tt13479258
BON BINI HOLLAND 2;tt7295378;tt4247144;tt11177150;tt33100015;tt21153872
Bram Fischer;tt6002522;tt1338636;tt18384814;tt3426230;tt14087030
Bulado;tt12182440;tt1572491;tt0031125;tt6004438;tt18272208
Celblok H;tt3471980;tt1454045;tt12353378;tt33075338;tt28462974
Dansen Op de Vulkaan;tt3323318
Das Wad (NTR Kort);tt6692442;tt2069311;tt3104034;tt10363676;tt36428132
De Boskampi’s;tt3845822;tt33099873;tt0011880;tt19812826
De club van lelijke kinderen;tt9695404;tt10889586;tt2149226;tt33099828;tt11098100
De Man Uit Rome;tt15366554
De Marathon;tt2401621;tt0074860;tt27142031;tt0052604;tt0091669
De Verschrikkelijke Jaren Tachtig;tt14691120
De Verschrikkelijke Jaren Tachtig;tt14691120
Der Kaiser (NTR Kort);tt0040308;tt0061047;tt22280288;tt22114742;tt27344791
Do Not Hesitate;tt11280826
Dokter Tinus;tt2365936;tt7556872;tt0867597;tt1467642;tt19208948
Dokter Tinus – Season 2;tt1233420;tt0364625;tt30518744;tt25651468;tt31485179
Dokter Tinus – Season 3;tt8819854;tt0146632;tt31485179;tt19308208;tt18816330
Dokter Tinus – Season 4;tt0146632;tt35046569;tt26328956;tt35589909;tt37151741
Een Tweede Kans  (Duivels Dillema’s);tt3133250;tt13926250;tt10066304;tt0619876;tt15761412
Forever After;tt0892791;tt5897570;tt0252449;tt23769550;tt13070038
Gek van Geluk;tt6876488;tt32245238;tt6448742;tt21190242;tt0094241
Hartenstraat;tt3171886;tt0149468;tt0219394;tt5876318;tt11298322
HET HART VAN HADIAH TROMP;tt7188568;tt0032587;tt28633824;tt3726324;tt3068426
Het Kamp;tt30497864
Het mooiste wat er is (Telefilm);tt4359602;tt0931300;tt5693512;tt28802812;tt21784786
Homies;tt3851324;tt1646208;tt1353058;tt1291105;tt3077232
Houvast (Hold on);tt25202690;tt31978438;tt20066522;tt20677816;tt18053158
Huisvrouwen bestaan niet;tt5912150;tt9878598
Huisvrouwen bestaan niet 2;tt9878598;tt5912150
Hunter Street – season 2;tt0168055;tt24938070;tt29203796;tt28882929;tt18478688
I will cross tomorrow;tt7900130;tt29306761;tt10218176;tt9654244;tt5338222
In limbo;tt20697956;tt21833834;tt9138170;tt0107450;tt14032696
Instinct;tt0103772;tt13397574;tt4124758;tt0128278;tt8386898
Jack;tt5057054;tt0790724;tt31259038;tt28622758;tt0116669
Jack besteld een Broertje;tt3666734
Jongens (Telefilm)
Kapsalon Romy;tt7865162;tt33100103
Killing Crabs (original title: Matar cangrejos);tt15270666
Kind;tt20863760;tt0075860;tt1220198;tt0094006;tt2726552
Kollektivet (The Commune)
Korte kuitspier;tt9096966
Kruimeltje en de strijd om de goudmijn;tt8801582;tt29311008;tt30779396;tt32574391;tt28455491
Land and Shade;tt4663992;tt33269456;tt21909836;tt30125573;tt4274662
Light As Feathers;tt6720900;tt8619822;tt3673564;tt1797433;tt12605348
Loenatik te Gek;tt2994788
Loodvrij (NTR Kort)
Magic Mountains;tt10295936;tt15792180;tt28544058;tt11858736;tt1125859
Mannen van Mars;tt6868684;tt3470272;tt27525866;tt0043456;tt0120764
Mannenharten 2;tt4580112;tt2513536;tt3983640;tt0466464;tt21068850
Marokkaanse Bruiloft;tt15261252
Matties;tt23184372
Messias (OneNightStand);tt18295866;tt5258906;tt33589371;tt33589320;tt33589309
Missie Aarde;tt4045340;tt28534144;tt34599878;tt12077618;tt27192769
Moedermaffia;tt20122554
Mr K;tt7972570
Nieuwe buren;tt3996656;tt1870148;tt1122485;tt2846446;tt27164234
Nocturne;tt11044858;tt14833612;tt3100274;tt4877606;tt0038782
November;tt14542254;tt6164502;tt2402157;tt0230838;tt9219630
Occupied City;tt9573150
Porcelain;tt30294282;tt15528316;tt12479606;tt22868586;tt6438522
Ramses;tt3089822;tt14644048;tt5639866;tt33334395;tt34472255
Red Light;tt1748179;tt10795304;tt32374355;tt0041790;tt6406844
Rendez-Vous;tt3755362;tt0089902;tt0078152;tt0114266;tt10537978
Rundfunk – Jachterwachter;tt10699348;tt1393785;tt23812540
Smeris;tt3487478;tt0067900;tt0066502;tt18069420;tt0364774
Son du Serpent;tt4621156;tt29301380;tt6814214;tt10545296;tt7936092
Soof – de serie -Seizoen 2;tt0106140;tt0425719;tt2913114;tt8192178;tt21825340
Steekspel;tt2171875;tt0229194;tt3910608;tt0079168;tt0109666
STUFF;tt0086197;tt0090094;tt3848072;tt7423322;tt0811090
Sweet Dreams;tt13110998
Teef;tt8043306;tt3231320;tt14403178;tt1567432;tt23571702
Terror;tt2708480;tt1077258;tt3613454;tt0081617;tt0082431
The Last Ones;tt6352926;tt7234694;tt4619908;tt3972818;tt4571270
The Lobster;tt3464902;tt34385784;tt2991272;tt5438322;tt0194948
The Paradise Suite;tt4246894;tt0802436;tt0091652;tt1086359;tt33086913
Tot Zonsondergang;tt21438160
VALS;tt1185616;tt7330392;tt0084848;tt4675996;tt0028333
Verliefd op Cuba;tt8471716;tt33099819;tt9779062
Visite;tt3567288;tt0048766;tt0071832;tt0230956;tt2933544
Wachten op Marissa
Wat is dan Liefde;tt8458582;tt0059403;tt0272582;tt3913472;tt0057263
Wij;tt6671244;tt0062453;tt27605720;tt1224378;tt0075572
Wilde Mossels Remastered
Wonderbroeders;tt3820346;tt8509236;tt2091256;tt0047078;tt34788891
Zenith;tt1363468;tt6506490;tt5171598;tt15354780;tt4714252
Zomer;tt15535192;tt7851832;tt2691102;tt0073195;tt0198266
Zwarte Tulp;tt4283994;tt0253988;tt0058692;tt0806221;tt0363320
